season,round,circuit_id,driver,fp2_long_run_avg_gap,fp2_session_was_dry
2022,1,Sakhir,BOT,1.8585000000000065,1
2022,1,Sakhir,PER,5.177333333333323,1
2022,1,Sakhir,VER,4.507285714285715,1
2022,2,Jeddah,ALB,4.283599999999993,1
2022,2,Jeddah,ALO,5.55980000000001,1
2022,2,Jeddah,GAS,4.090199999999996,1
2022,2,Jeddah,HAM,5.597166666666681,1
2022,2,Jeddah,PER,4.226799999999997,1
2022,2,Jeddah,RUS,5.735571428571433,1
2022,2,Jeddah,VER,3.816200000000009,1
2022,3,Melbourne,ALO,5.055000000000007,1
2022,3,Melbourne,LEC,3.5039999999999907,1
2022,3,Melbourne,PER,4.429666666666677,1
2022,3,Melbourne,VER,3.052499999999995,1
2022,4,Imola,ALB,1.7138000000000062,1
2022,4,Imola,ALO,2.277437500000005,1
2022,4,Imola,GAS,1.3214166666666785,1
2022,4,Imola,HAM,1.5876875000000013,1
2022,4,Imola,LAT,2.369111111111124,1
2022,4,Imola,LEC,1.9014761904762025,1
2022,4,Imola,MAG,2.5406842105263223,1
2022,4,Imola,MSC,2.6524444444444697,1
2022,4,Imola,OCO,2.4023333333333454,1
2022,4,Imola,PER,0.6053333333333484,1
2022,4,Imola,RUS,1.7777692307692234,1
2022,4,Imola,SAI,2.043615384615393,1
2022,4,Imola,STR,2.364052631578957,1
2022,4,Imola,TSU,1.566347826086968,1
2022,4,Imola,VER,1.358238095238093,1
2022,4,Imola,VET,2.1565263157894776,1
2022,4,Imola,ZHO,1.969750000000019,1
2022,5,Miami,ALO,3.865000000000009,1
2022,5,Miami,GAS,3.9053333333333313,1
2022,5,Miami,MAG,1.5126666666666466,1
2022,5,Miami,OCO,4.1283333333333445,1
2022,5,Miami,RUS,3.3773333333333397,1
2022,5,Miami,TSU,1.4973333333333443,1
2022,5,Miami,ZHO,2.6918000000000006,1
2022,7,Monaco,ALO,3.6740000000000066,1
2022,7,Monaco,BOT,3.093666666666664,1
2022,7,Monaco,HAM,3.990250000000003,1
2022,7,Monaco,OCO,3.000666666666646,1
2022,7,Monaco,PER,2.9939999999999856,1
2022,7,Monaco,RUS,2.7616666666666703,1
2022,8,Baku,ALO,5.663200000000003,1
2022,8,Baku,BOT,4.403800000000018,1
2022,8,Baku,GAS,3.352249999999998,1
2022,8,Baku,HAM,5.4405,1
2022,8,Baku,LEC,3.856500000000011,1
2022,8,Baku,OCO,5.237000000000009,1
2022,8,Baku,PER,3.1729999999999876,1
2022,8,Baku,RUS,4.485500000000002,1
2022,8,Baku,SAI,4.1200000000000045,1
2022,8,Baku,STR,5.253249999999994,1
2022,8,Baku,TSU,4.757800000000017,1
2022,8,Baku,VET,4.734799999999993,1
2022,8,Baku,ZHO,3.420333333333332,1
2022,9,Montréal,ALO,2.712857142857132,1
2022,9,Montréal,GAS,3.4440000000000026,1
2022,9,Montréal,LEC,3.0331249999999983,1
2022,9,Montréal,MAG,2.331400000000002,1
2022,9,Montréal,MSC,2.4213333333333367,1
2022,9,Montréal,NOR,2.9824285714285708,1
2022,9,Montréal,OCO,3.306750000000008,1
2022,9,Montréal,PER,3.5602222222222366,1
2022,9,Montréal,RIC,3.0718333333333305,1
2022,9,Montréal,RUS,3.9383000000000123,1
2022,9,Montréal,SAI,2.6601428571428585,1
2022,9,Montréal,STR,4.262375000000006,1
2022,9,Montréal,VER,2.825000000000003,1
2022,9,Montréal,VET,3.4865000000000066,1
2022,9,Montréal,ZHO,4.109500000000011,1
2022,10,Silverstone,BOT,4.814799999999991,1
2022,10,Silverstone,GAS,2.1380000000000052,1
2022,10,Silverstone,HAM,4.667333333333346,1
2022,10,Silverstone,LEC,3.6723333333333414,1
2022,10,Silverstone,MAG,2.694999999999993,1
2022,10,Silverstone,MSC,2.0193333333333214,1
2022,10,Silverstone,NOR,4.576100000000011,1
2022,10,Silverstone,RIC,4.329142857142855,1
2022,10,Silverstone,RUS,4.136999999999986,1
2022,10,Silverstone,SAI,3.7181666666666615,1
2022,10,Silverstone,STR,1.5629999999999882,1
2022,10,Silverstone,TSU,2.0934999999999917,1
2022,10,Silverstone,VER,2.900666666666666,1
2022,10,Silverstone,ZHO,3.111000000000004,1
2022,11,Spielberg,ALB,1.5968571428571465,1
2022,11,Spielberg,ALO,1.2176250000000124,1
2022,11,Spielberg,BOT,2.666642857142847,1
2022,11,Spielberg,GAS,1.6133461538461518,1
2022,11,Spielberg,HAM,1.4811666666666667,1
2022,11,Spielberg,LAT,2.4868095238095407,1
2022,11,Spielberg,LEC,1.36666666666666,1
2022,11,Spielberg,MAG,2.631761904761902,1
2022,11,Spielberg,MSC,2.4720588235294088,1
2022,11,Spielberg,NOR,1.5414285714285683,1
2022,11,Spielberg,OCO,1.3041818181818314,1
2022,11,Spielberg,PER,1.7756818181818375,1
2022,11,Spielberg,RIC,1.8704999999999927,1
2022,11,Spielberg,RUS,1.5646428571428572,1
2022,11,Spielberg,SAI,1.1786499999999904,1
2022,11,Spielberg,STR,2.1480000000000103,1
2022,11,Spielberg,TSU,2.3310000000000173,1
2022,11,Spielberg,VER,0.9457500000000039,1
2022,11,Spielberg,VET,2.147407407407414,1
2022,11,Spielberg,ZHO,2.021000000000001,1
2022,12,Le Castellet,LEC,3.5207499999999925,1
2022,12,Le Castellet,SAI,3.5655,1
2022,13,Budapest,LEC,4.125666666666675,1
2022,13,Budapest,SAI,3.187250000000006,1
2022,14,Spa-Francorchamps,LEC,4.140333333333345,1
2022,14,Spa-Francorchamps,OCO,3.3433333333333337,1
2022,15,Zandvoort,HAM,1.8203333333333518,1
2022,15,Zandvoort,LEC,3.23333333333332,1
2022,15,Zandvoort,MAG,3.119500000000002,1
2022,15,Zandvoort,MSC,3.363200000000006,1
2022,15,Zandvoort,NOR,1.7246666666666641,1
2022,15,Zandvoort,OCO,1.998666666666665,1
2022,15,Zandvoort,PER,4.819666666666663,1
2022,15,Zandvoort,RUS,3.754714285714286,1
2022,15,Zandvoort,SAI,3.909374999999997,1
2022,15,Zandvoort,STR,3.1927499999999895,1
2022,15,Zandvoort,TSU,1.5926666666666591,1
2022,15,Zandvoort,VER,4.602199999999996,1
2022,15,Zandvoort,VET,3.0604000000000013,1
2022,15,Zandvoort,ZHO,2.3996666666666755,1
2022,16,Monza,ALO,4.104916666666668,1
2022,16,Monza,BOT,4.400428571428591,1
2022,16,Monza,GAS,3.6748000000000047,1
2022,16,Monza,HAM,4.102999999999994,1
2022,16,Monza,LEC,3.440333333333328,1
2022,16,Monza,NOR,4.034375000000011,1
2022,16,Monza,OCO,3.850555555555559,1
2022,16,Monza,PER,3.820999999999998,1
2022,16,Monza,RIC,3.906857142857149,1
2022,16,Monza,RUS,3.429333333333318,1
2022,16,Monza,SAI,3.1178000000000026,1
2022,16,Monza,TSU,4.477833333333336,1
2022,16,Monza,VER,3.468500000000006,1
2022,16,Monza,VET,2.8973333333333358,1
2022,17,Marina Bay,OCO,4.603999999999999,1
2022,17,Marina Bay,RUS,4.824399999999997,1
2022,17,Marina Bay,SAI,6.055666666666681,1
2022,18,Suzuka,PER,2.606499999999997,0
2022,18,Suzuka,SAI,0.9906666666666553,0
2022,18,Suzuka,STR,3.8093333333333277,0
2022,18,Suzuka,TSU,3.598700000000008,0
2022,18,Suzuka,VER,2.453000000000003,0
2022,18,Suzuka,VET,2.8584999999999923,0
2022,19,Austin,BOT,3.110545454545445,1
2022,19,Austin,GAS,3.4322499999999962,1
2022,19,Austin,HAM,3.086750000000009,1
2022,19,Austin,LEC,2.594833333333341,1
2022,19,Austin,NOR,3.329400000000007,1
2022,19,Austin,OCO,3.198666666666682,1
2022,19,Austin,PER,3.4488000000000056,1
2022,19,Austin,RIC,3.197642857142853,1
2022,19,Austin,RUS,3.347625000000008,1
2022,19,Austin,SAI,3.6267500000000013,1
2022,19,Austin,STR,4.038333333333327,1
2022,19,Austin,VER,3.425750000000022,1
2022,19,Austin,ZHO,3.7176666666666875,1
2022,20,Mexico City,ALB,3.5107,1
2022,20,Mexico City,ALO,3.103200000000001,1
2022,20,Mexico City,BOT,2.8573333333333437,1
2022,20,Mexico City,GAS,2.9627333333333326,1
2022,20,Mexico City,HAM,2.138857142857148,1
2022,20,Mexico City,LAT,3.406499999999994,1
2022,20,Mexico City,LEC,2.184999999999988,1
2022,20,Mexico City,MAG,3.5933333333333195,1
2022,20,Mexico City,NOR,3.0968888888888984,1
2022,20,Mexico City,OCO,1.7532000000000068,1
2022,20,Mexico City,PER,2.496538461538478,1
2022,20,Mexico City,RIC,2.863200000000006,1
2022,20,Mexico City,RUS,1.4681428571428512,1
2022,20,Mexico City,SAI,2.4558181818181737,1
2022,20,Mexico City,STR,3.0360000000000014,1
2022,20,Mexico City,TSU,1.7623333333333306,1
2022,20,Mexico City,VER,2.107583333333338,1
2022,20,Mexico City,VET,3.069749999999999,1
2022,20,Mexico City,ZHO,3.3142857142857025,1
2022,21,São Paulo,ALO,1.952117647058813,1
2022,21,São Paulo,BOT,2.1491249999999837,1
2022,21,São Paulo,GAS,1.637105263157892,1
2022,21,São Paulo,HAM,0.9581818181818136,1
2022,21,São Paulo,LAT,3.1051764705882476,1
2022,21,São Paulo,LEC,1.3059130434782702,1
2022,21,São Paulo,MAG,1.995999999999981,1
2022,21,São Paulo,MSC,2.775086956521733,1
2022,21,São Paulo,NOR,1.8970000000000056,1
2022,21,São Paulo,OCO,1.2252352941176525,1
2022,21,São Paulo,PER,1.1213750000000005,1
2022,21,São Paulo,RIC,1.882785714285717,1
2022,21,São Paulo,RUS,1.0938947368421026,1
2022,21,São Paulo,SAI,1.159809523809514,1
2022,21,São Paulo,SAR,2.772944444444448,1
2022,21,São Paulo,STR,2.3219999999999885,1
2022,21,São Paulo,TSU,2.1322857142857004,1
2022,21,São Paulo,VER,1.4265789473684265,1
2022,21,São Paulo,VET,2.1223571428571404,1
2022,21,São Paulo,ZHO,2.0589999999999975,1
2022,22,Yas Island,VER,4.248249999999999,1
2023,1,Sakhir,ALO,2.8993333333333453,1
2023,1,Sakhir,VER,4.547333333333341,1
2023,2,Jeddah,ALB,3.8626000000000147,1
2023,2,Jeddah,ALO,5.351444444444439,1
2023,2,Jeddah,DEV,2.5250000000000057,1
2023,2,Jeddah,GAS,4.191777777777787,1
2023,2,Jeddah,LEC,5.4807500000000005,1
2023,2,Jeddah,OCO,4.436400000000006,1
2023,2,Jeddah,PER,5.097499999999997,1
2023,2,Jeddah,PIA,4.699399999999997,1
2023,2,Jeddah,RUS,5.5134285714285625,1
2023,2,Jeddah,SAI,5.263833333333324,1
2023,2,Jeddah,STR,3.953399999999988,1
2023,2,Jeddah,VER,4.774909090909105,1
2023,3,Melbourne,RUS,1.1265000000000072,0
2023,5,Miami,HUL,3.9043333333333266,1
2023,5,Miami,SAI,2.964500000000001,1
2023,6,Monaco,ALO,2.111857142857147,1
2023,6,Monaco,BOT,3.119500000000002,1
2023,6,Monaco,DEV,3.191999999999993,1
2023,6,Monaco,GAS,3.0157142857142816,1
2023,6,Monaco,HAM,2.748599999999996,1
2023,6,Monaco,HUL,3.584166666666661,1
2023,6,Monaco,LEC,2.5956666666666592,1
2023,6,Monaco,MAG,2.8715999999999866,1
2023,6,Monaco,OCO,2.605222222222224,1
2023,6,Monaco,PER,3.826999999999998,1
2023,6,Monaco,PIA,3.1240000000000094,1
2023,6,Monaco,RUS,2.0197499999999877,1
2023,6,Monaco,SAR,2.927250000000001,1
2023,6,Monaco,STR,2.267399999999995,1
2023,6,Monaco,TSU,1.8517500000000098,1
2023,6,Monaco,VER,2.727000000000004,1
2023,6,Monaco,ZHO,3.288499999999999,1
2023,7,Barcelona,ALO,1.3273333333333426,1
2023,8,Montréal,ALB,3.7518333333333516,0
2023,8,Montréal,ALO,2.308374999999998,0
2023,8,Montréal,BOT,3.721555555555568,0
2023,8,Montréal,DEV,3.1982500000000016,0
2023,8,Montréal,GAS,3.1486249999999956,0
2023,8,Montréal,HAM,4.2774285714285725,0
2023,8,Montréal,LEC,3.102333333333334,0
2023,8,Montréal,MAG,3.072666666666663,0
2023,8,Montréal,NOR,3.4381818181818034,0
2023,8,Montréal,OCO,2.620999999999995,0
2023,8,Montréal,PER,3.488624999999999,0
2023,8,Montréal,PIA,3.466000000000008,0
2023,8,Montréal,RUS,4.521888888888881,0
2023,8,Montréal,SAI,3.620846153846145,0
2023,8,Montréal,STR,1.1183333333333394,0
2023,8,Montréal,TSU,3.3931111111111107,0
2023,8,Montréal,VER,3.183000000000007,0
2023,8,Montréal,ZHO,1.8462000000000103,0
2023,10,Silverstone,BOT,1.1430000000000007,1
2023,10,Silverstone,HAM,4.262999999999991,1
2023,10,Silverstone,NOR,4.1780000000000115,1
2023,10,Silverstone,PER,4.642142857142858,1
2023,10,Silverstone,SAI,2.984333333333339,1
2023,10,Silverstone,STR,4.2803333333333455,1
2023,10,Silverstone,VER,4.040666666666667,1
2023,13,Zandvoort,PER,4.314333333333323,1
2023,13,Zandvoort,VER,4.172399999999996,1
2023,14,Monza,HAM,4.084000000000017,1
2023,15,Marina Bay,ALO,4.338499999999996,1
2023,15,Marina Bay,HAM,5.018799999999999,1
2023,15,Marina Bay,PER,3.89700000000002,1
2023,15,Marina Bay,SAI,3.8387500000000045,1
2023,19,Mexico City,ALB,3.0404000000000053,0
2023,19,Mexico City,BOT,2.0249999999999915,0
2023,19,Mexico City,HAM,2.7394000000000034,0
2023,19,Mexico City,LEC,2.240400000000008,0
2023,19,Mexico City,NOR,2.292230769230784,0
2023,19,Mexico City,OCO,3.2460000000000093,0
2023,19,Mexico City,PER,2.9898000000000025,0
2023,19,Mexico City,PIA,3.1406999999999954,0
2023,19,Mexico City,RIC,2.686000000000007,0
2023,19,Mexico City,RUS,2.730400000000003,0
2023,19,Mexico City,SAI,2.870666666666665,0
2023,19,Mexico City,SAR,3.6980000000000075,0
2023,19,Mexico City,TSU,3.2537499999999966,0
2023,19,Mexico City,VER,2.910571428571444,0
2023,19,Mexico City,ZHO,3.6316666666666606,0
2023,21,Las Vegas,ALB,4.696444444444438,1
2023,21,Las Vegas,ALO,4.2341428571428565,1
2023,21,Las Vegas,BOT,3.6700000000000017,1
2023,21,Las Vegas,GAS,3.9796666666666596,1
2023,21,Las Vegas,HAM,4.2494166666666615,1
2023,21,Las Vegas,HUL,5.635800000000003,1
2023,21,Las Vegas,LEC,3.117500000000007,1
2023,21,Las Vegas,MAG,4.2123333333333335,1
2023,21,Las Vegas,OCO,4.810363636363647,1
2023,21,Las Vegas,PER,4.351799999999997,1
2023,21,Las Vegas,PIA,5.065399999999997,1
2023,21,Las Vegas,RIC,3.8385555555555584,1
2023,21,Las Vegas,RUS,3.3617500000000007,1
2023,21,Las Vegas,SAI,2.7128571428571604,1
2023,21,Las Vegas,SAR,4.532384615384615,1
2023,21,Las Vegas,STR,4.1045714285714325,1
2023,21,Las Vegas,TSU,4.281000000000006,1
2023,21,Las Vegas,VER,3.4252857142857067,1
2023,22,Yas Island,ALB,2.8268000000000058,1
2023,22,Yas Island,LEC,2.9157499999999885,1
2023,22,Yas Island,PIA,2.9199999999999875,1
2023,22,Yas Island,RIC,2.932000000000002,1
2023,22,Yas Island,RUS,2.9237499999999983,1
2023,22,Yas Island,SAR,5.342749999999995,1
2023,22,Yas Island,TSU,2.8072499999999962,1
2024,1,Sakhir,PIA,3.527333333333331,1
2024,1,Sakhir,VER,4.133749999999992,1
2024,2,Jeddah,ALB,4.585833333333326,1
2024,2,Jeddah,ALO,4.550624999999997,1
2024,2,Jeddah,LEC,4.140499999999989,1
2024,2,Jeddah,NOR,4.979333333333344,1
2024,2,Jeddah,PER,4.891583333333315,1
2024,2,Jeddah,SAI,3.1869999999999976,1
2024,2,Jeddah,VER,4.406000000000006,1
2024,3,Melbourne,GAS,1.0657499999999942,1
2024,3,Melbourne,OCO,1.1313333333333304,1
2024,7,Imola,HAM,3.3841999999999928,1
2024,7,Imola,LEC,3.105166666666662,1
2024,7,Imola,NOR,4.025727272727252,1
2024,7,Imola,PIA,3.9544999999999817,1
2024,7,Imola,RUS,2.623800000000003,1
2024,7,Imola,SAI,4.303600000000003,1
2024,8,Monaco,ALB,3.015625000000014,1
2024,8,Monaco,BOT,1.6938000000000102,1
2024,8,Monaco,GAS,2.1585000000000036,1
2024,8,Monaco,HAM,2.332000000000022,1
2024,8,Monaco,HUL,3.093750000000014,1
2024,8,Monaco,LEC,1.4832499999999982,1
2024,8,Monaco,MAG,2.8726666666666745,1
2024,8,Monaco,NOR,2.4833333333333485,1
2024,8,Monaco,OCO,2.069444444444443,1
2024,8,Monaco,PER,3.7515999999999963,1
2024,8,Monaco,PIA,2.8862857142857052,1
2024,8,Monaco,RIC,2.231250000000017,1
2024,8,Monaco,SAI,2.3114999999999952,1
2024,8,Monaco,STR,1.4305000000000092,1
2024,8,Monaco,TSU,1.9472000000000094,1
2024,8,Monaco,VER,2.571000000000012,1
2024,8,Monaco,ZHO,2.6922500000000156,1
2024,9,Montréal,ALB,1.8583333333333343,0
2024,9,Montréal,ALO,1.4337500000000034,0
2024,9,Montréal,HAM,1.9856666666666598,0
2024,9,Montréal,OCO,2.5606666666666626,0
2024,9,Montréal,STR,1.3649999999999949,0
2024,12,Silverstone,LEC,4.4707500000000095,0
2024,12,Silverstone,NOR,3.573999999999998,0
2024,12,Silverstone,PIA,4.444000000000003,0
2024,12,Silverstone,RUS,4.375500000000017,0
2024,12,Silverstone,VER,4.203499999999991,0
2024,14,Spa-Francorchamps,PIA,4.755199999999988,1
2024,14,Spa-Francorchamps,VER,5.283333333333331,1
2024,15,Zandvoort,NOR,2.9424285714285645,1
2024,15,Zandvoort,RUS,2.945999999999998,1
2024,15,Zandvoort,VER,2.8987999999999943,1
2024,16,Monza,ALB,3.41483333333332,1
2024,16,Monza,ALO,4.172000000000011,1
2024,16,Monza,BOT,4.088250000000002,1
2024,16,Monza,COL,3.9746666666666783,1
2024,16,Monza,HAM,2.9642000000000053,1
2024,16,Monza,HUL,4.180999999999997,1
2024,16,Monza,LEC,3.7662857142857007,1
2024,16,Monza,NOR,3.578142857142865,1
2024,16,Monza,PER,3.305000000000007,1
2024,16,Monza,PIA,3.5281428571428535,1
2024,16,Monza,RUS,2.883250000000004,1
2024,16,Monza,SAI,3.7646000000000015,1
2024,16,Monza,STR,4.24175000000001,1
2024,16,Monza,VER,3.4528571428571553,1
2024,17,Baku,ALB,4.077200000000005,1
2024,17,Baku,BEA,4.614400000000018,1
2024,17,Baku,COL,4.052999999999997,1
2024,17,Baku,GAS,4.498799999999989,1
2024,17,Baku,NOR,3.8939999999999912,1
2024,17,Baku,OCO,2.456000000000003,1
2024,17,Baku,PER,3.481666666666669,1
2024,17,Baku,PIA,3.5688571428571407,1
2024,17,Baku,RUS,2.9071250000000077,1
2024,17,Baku,SAI,2.9158000000000044,1
2024,17,Baku,STR,3.0450000000000017,1
2024,17,Baku,VER,3.196000000000012,1
2024,20,Mexico City,BOT,1.6847500000000082,1
2024,20,Mexico City,COL,1.4357000000000113,1
2024,20,Mexico City,GAS,1.3750000000000142,1
2024,20,Mexico City,HAM,1.0091000000000037,1
2024,20,Mexico City,HUL,1.4735555555555635,1
2024,20,Mexico City,LAW,1.535499999999999,1
2024,20,Mexico City,LEC,0.39155555555554145,1
2024,20,Mexico City,MAG,1.4861000000000217,1
2024,20,Mexico City,NOR,0.8274000000000115,1
2024,20,Mexico City,OCO,1.458090909090899,1
2024,20,Mexico City,PER,1.3456363636363733,1
2024,20,Mexico City,PIA,0.9164166666666631,1
2024,20,Mexico City,SAI,0.6045999999999907,1
2024,20,Mexico City,STR,1.7028888888888787,1
2024,20,Mexico City,TSU,1.2971000000000146,1
2024,20,Mexico City,ZHO,1.6508333333333383,1
2024,22,Las Vegas,BOT,3.3017500000000126,1
2024,22,Las Vegas,GAS,4.3216666666666725,1
2024,22,Las Vegas,HUL,5.09142857142858,1
2024,22,Las Vegas,LEC,2.958833333333345,1
2024,22,Las Vegas,OCO,4.449833333333345,1
2024,22,Las Vegas,PER,3.7758333333333525,1
2024,22,Las Vegas,PIA,3.685999999999993,1
2024,22,Las Vegas,RUS,3.7404285714285663,1
2024,22,Las Vegas,SAI,3.6055000000000064,1
2024,22,Las Vegas,TSU,5.182400000000001,1
2024,22,Las Vegas,VER,3.9618333333333453,1
2024,24,Yas Island,HUL,4.111999999999995,1
2024,24,Yas Island,PIA,2.633999999999986,1
2025,1,Melbourne,LEC,3.9293333333333322,1
2025,1,Melbourne,RUS,3.2704999999999984,1
2025,5,Jeddah,PIA,3.287333333333322,1
2025,7,Imola,ANT,4.106499999999997,1
2025,7,Imola,HAD,4.165750000000003,1
2025,7,Imola,LEC,3.0672500000000014,1
2025,7,Imola,NOR,3.819500000000005,1
2025,7,Imola,PIA,3.4522857142857077,1
2025,7,Imola,SAI,4.194666666666663,1
2025,8,Monaco,ALB,4.484333333333339,1
2025,8,Monaco,ANT,3.880599999999987,1
2025,8,Monaco,BEA,3.3973333333333215,1
2025,8,Monaco,BOR,4.396999999999991,1
2025,8,Monaco,COL,3.910199999999989,1
2025,8,Monaco,GAS,2.792285714285711,1
2025,8,Monaco,HAD,1.0899999999999892,1
2025,8,Monaco,HAM,3.4137500000000074,1
2025,8,Monaco,HUL,3.4481666666666655,1
2025,8,Monaco,LEC,2.2616000000000014,1
2025,8,Monaco,NOR,2.657428571428568,1
2025,8,Monaco,OCO,2.427333333333337,1
2025,8,Monaco,RUS,3.194500000000005,1
2025,8,Monaco,SAI,4.006999999999991,1
2025,8,Monaco,TSU,3.6551666666666733,1
2025,10,Montréal,ALB,3.6688571428571493,1
2025,10,Montréal,ALO,0.9210000000000065,1
2025,10,Montréal,ANT,3.8728888888888804,1
2025,10,Montréal,BEA,2.9184000000000054,1
2025,10,Montréal,BOR,3.426000000000016,1
2025,10,Montréal,COL,4.819000000000003,1
2025,10,Montréal,GAS,4.191285714285712,1
2025,10,Montréal,HAM,4.433250000000001,1
2025,10,Montréal,HUL,3.793285714285716,1
2025,10,Montréal,NOR,3.656099999999995,1
2025,10,Montréal,OCO,3.3645714285714377,1
2025,10,Montréal,PIA,3.3119999999999976,1
2025,10,Montréal,RUS,3.9170000000000016,1
2025,10,Montréal,SAI,3.132249999999999,1
2025,10,Montréal,VER,3.8113750000000124,1
2025,11,Spielberg,HAM,0.7800000000000011,1
2025,16,Monza,ALB,2.7660000000000053,1
2025,16,Monza,ALO,3.3146666666666675,1
2025,16,Monza,BEA,3.444285714285712,1
2025,16,Monza,BOR,2.680250000000001,1
2025,16,Monza,COL,3.4729090909090843,1
2025,16,Monza,GAS,3.0803999999999974,1
2025,16,Monza,HAD,2.83359999999999,1
2025,16,Monza,HAM,2.814799999999991,1
2025,16,Monza,HUL,2.872499999999988,1
2025,16,Monza,LAW,3.0821428571428555,1
2025,16,Monza,NOR,2.3230000000000075,1
2025,16,Monza,OCO,3.055833333333325,1
2025,16,Monza,PIA,2.649000000000001,1
2025,16,Monza,RUS,2.724400000000003,1
2025,16,Monza,SAI,2.5161999999999978,1
2025,16,Monza,STR,2.4097500000000025,1
2025,16,Monza,TSU,3.427199999999999,1
2025,16,Monza,VER,2.613749999999996,1
2025,17,Baku,ALB,4.444199999999995,1
2025,17,Baku,ANT,5.886999999999986,1
2025,17,Baku,BEA,6.100750000000005,1
2025,17,Baku,BOR,5.849799999999988,1
2025,17,Baku,COL,6.396333333333317,1
2025,17,Baku,HAD,4.957250000000002,1
2025,17,Baku,HUL,5.213285714285703,1
2025,17,Baku,LAW,5.631,1
2025,17,Baku,OCO,4.9399999999999835,1
2025,17,Baku,PIA,5.7819999999999965,1
2025,17,Baku,SAI,4.677875,1
2025,17,Baku,TSU,5.388333333333335,1
2025,17,Baku,VER,3.5913333333333384,1
2025,18,Marina Bay,PIA,1.980000000000004,1
2025,18,Marina Bay,VER,2.357666666666674,1
2025,20,Mexico City,ALO,3.942600000000013,1
2025,20,Mexico City,ANT,3.7982000000000085,1
2025,20,Mexico City,BEA,2.738363636363644,1
2025,20,Mexico City,BOR,3.589000000000013,1
2025,20,Mexico City,COL,3.979666666666688,1
2025,20,Mexico City,LEC,3.722999999999999,1
2025,20,Mexico City,NOR,2.8466250000000173,1
2025,20,Mexico City,OCO,3.141999999999996,1
2025,20,Mexico City,PIA,3.296500000000009,1
2025,20,Mexico City,RUS,3.696200000000019,1
2025,20,Mexico City,VER,3.718833333333336,1
2025,22,Las Vegas,ANT,0.8462499999999977,0
2025,22,Las Vegas,COL,1.4286666666666576,0
2025,22,Las Vegas,GAS,0.957666666666654,0
2025,22,Las Vegas,LEC,1.9537500000000136,0
2025,22,Las Vegas,OCO,3.0619999999999834,0
2025,22,Las Vegas,RUS,0.7480000000000047,0
2025,24,Yas Island,HAD,3.442999999999998,1
2025,24,Yas Island,HAM,0.5676666666666677,1
2026,1,Melbourne,ALB,2.553666666666672,1
2026,1,Melbourne,ANT,3.492199999999997,1
2026,1,Melbourne,GAS,1.9456666666666678,1
2026,1,Melbourne,HAD,3.3115999999999985,1
2026,1,Melbourne,HAM,1.974166666666676,1
2026,1,Melbourne,HUL,1.9609999999999985,1
2026,1,Melbourne,NOR,3.06142857142855,1
2026,1,Melbourne,PIA,2.485800000000012,1
2026,1,Melbourne,RUS,2.9307777777777773,1
2026,3,Suzuka,ANT,3.274333333333317,1
2026,3,Suzuka,BEA,4.8843333333333305,1
2026,3,Suzuka,GAS,4.234875000000002,1
2026,3,Suzuka,HAD,5.072749999999999,1
2026,3,Suzuka,HUL,3.551333333333332,1
2026,3,Suzuka,LEC,3.7746666666666613,1
2026,3,Suzuka,OCO,4.250124999999997,1
2026,3,Suzuka,PIA,3.535499999999999,1
2026,3,Suzuka,RUS,4.227400000000003,1
2026,3,Suzuka,VER,5.052666666666653,1
2026,6,Monte Carlo,BEA,2.4887500000000102,0
2026,6,Monte Carlo,BOR,1.467333333333329,0
2026,6,Monte Carlo,BOT,3.1396666666666704,0
2026,6,Monte Carlo,GAS,2.320666666666682,0
2026,6,Monte Carlo,HUL,3.0374999999999943,0
2026,6,Monte Carlo,LAW,2.159000000000006,0
2026,6,Monte Carlo,LEC,1.0461428571428684,0
2026,6,Monte Carlo,LIN,2.4539999999999935,0
2026,6,Monte Carlo,OCO,2.377200000000016,0
2026,6,Monte Carlo,RUS,1.6870000000000118,0
2026,6,Monte Carlo,STR,3.593428571428575,0
2026,6,Monte Carlo,VER,2.0659999999999883,0
2026,8,Spielberg,ANT,1.55149999999999,1
2026,8,Spielberg,NOR,1.3493333333333197,1
2026,8,Spielberg,VER,1.5683333333333138,1
2026,10,Spa-Francorchamps,HAD,1.154750000000007,1
2026,10,Spa-Francorchamps,VER,0.5146000000000157,1
2026,11,Budapest,ANT,4.403000000000006,1
2026,11,Budapest,VER,4.381666666666661,1
2026,13,Monza,ALB,3.7147000000000077,1
2026,13,Monza,ANT,2.6535999999999973,1
2026,13,Monza,BEA,3.7536666666666463,1
2026,13,Monza,BOT,4.646000000000015,1
2026,13,Monza,COL,2.2750000000000057,1
2026,13,Monza,GAS,2.9387499999999847,1
2026,13,Monza,HAM,2.687285714285707,1
2026,13,Monza,HUL,3.773857142857139,1
2026,13,Monza,LAW,2.773947368421048,1
2026,13,Monza,LEC,2.901571428571401,1
2026,13,Monza,LIN,3.001222222222225,1
2026,13,Monza,NOR,2.453000000000003,1
2026,13,Monza,OCO,4.301500000000004,1
2026,13,Monza,PER,3.0803333333333285,1
2026,13,Monza,PIA,2.508999999999986,1
2026,13,Monza,RUS,2.7310000000000088,1
2026,13,Monza,SAI,3.6402499999999947,1
2026,13,Monza,TSU,3.404749999999993,1
2026,13,Monza,VER,2.872249999999994,1
2026,14,Madrid,RUS,3.839333333333329,1
2026,15,Baku,ALB,5.290800000000019,1
2026,15,Baku,ANT,2.7110000000000127,1
2026,15,Baku,BOR,4.924000000000007,1
2026,15,Baku,COL,4.323666666666668,1
2026,15,Baku,GAS,4.608749999999986,1
2026,15,Baku,HAD,4.912666666666652,1
2026,15,Baku,HAM,4.700666666666663,1
2026,15,Baku,LAW,5.213999999999999,1
2026,15,Baku,LEC,4.609333333333325,1
2026,15,Baku,NOR,4.988500000000002,1
2026,15,Baku,OCO,4.661749999999984,1
2026,15,Baku,PIA,4.39524999999999,1
2026,15,Baku,RUS,2.8133333333333326,1
2026,15,Baku,SAI,5.576999999999998,1
2026,15,Baku,VER,3.2595000000000027,1
